<?xml version="1.0" encoding="utf-8"?>
<beans xmlns="http://www.springframework.org/schema/beans"
	xmlns:xsi="http://www.w3.org/2001/XMLSchema-instance" xmlns:context="http://www.springframework.org/schema/context"
	xmlns:mvc="http://www.springframework.org/schema/mvc" xmlns:security="http://www.springframework.org/schema/security"
	xsi:schemaLocation="http://www.springframework.org/schema/beans http://www.springframework.org/schema/beans/spring-beans.xsd
                http://www.springframework.org/schema/context http://www.springframework.org/schema/context/spring-context-3.1.xsd
                http://www.springframework.org/schema/mvc http://www.springframework.org/schema/mvc/spring-mvc-3.1.xsd
                http://www.springframework.org/schema/security http://www.springframework.org/schema/security/spring-security-3.1.xsd">

	<!-- Enabling Spring MVC configuration through annotations -->
	<mvc:annotation-driven />
	<mvc:default-servlet-handler/>
	<context:component-scan base-package="boss.boss_controller" />
	 
	<!-- Defining which view resolver to use -->
	<bean id="viewResolver"
		class="org.springframework.web.servlet.view.InternalResourceViewResolver">
		<property name="prefix" value="/WEB-INF/views/" />
		<property name="suffix" value=".jsp" />
	</bean>
		<bean id="messageSource"
		class="org.springframework.context.support.ReloadableResourceBundleMessageSource">
		<property name="basename" value="classpath:messages_en" />
		<property name="defaultEncoding" value="UTF-8" />
	</bean>
	
		<mvc:interceptors>
        <bean id="webContentInterceptor"
            class="org.springframework.web.servlet.mvc.WebContentInterceptor">
            <property name="cacheSeconds" value="0" />
            <property name="useExpiresHeader" value="true" />
            <property name="useCacheControlHeader" value="true" />
            <property name="useCacheControlNoStore" value="true" />
        </bean>
    </mvc:interceptors>
</beans>