<?xml version="1.0" encoding="UTF-8"?>
<beans xmlns="http://www.springframework.org/schema/beans"
	xmlns:util="http://www.springframework.org/schema/util"
	xmlns:xsi="http://www.w3.org/2001/XMLSchema-instance"	
	xmlns:context="http://www.springframework.org/schema/context"
	xmlns:tx="http://www.springframework.org/schema/tx"

	xsi:schemaLocation="
		http://www.springframework.org/schema/util http://www.springframework.org/schema/util/spring-util-3.0.xsd
		http://www.springframework.org/schema/tx http://www.springframework.org/schema/tx/spring-tx-3.0.xsd
		http://www.springframework.org/schema/beans http://www.springframework.org/schema/beans/spring-beans-3.0.xsd
		http://www.springframework.org/schema/context http://www.springframework.org/schema/context/spring-context-3.0.xsd">

	<context:property-placeholder order="1" location="/WEB-INF/DS_MASTER.properties" ignore-unresolvable="true" />
<context:component-scan base-package="boss" />	 
 	<bean id="pooledDataSource" class="org.springframework.jdbc.datasource.DriverManagerDataSource">
		<!-- class="org.springframework.jdbc.datasource.DriverManagerDataSource" -->
		<property name="driverClassName" value="com.mysql.jdbc.Driver" />
		<property name="url" value="jdbc:mysql://localhost:3306/test" />
		<property name="username" value="root" />
		<property name="password" value="boss" />
		<!-- these are C3P0 properties
		<property name="acquireIncrement" value="${c3p0.acquireIncrement}" />
		<property name="minPoolSize" value="${c3p0.minPoolSize}" />
		<property name="maxPoolSize" value="${c3p0.maxPoolSize}" />
		<property name="maxIdleTime" value="${c3p0.maxIdleTime}" /> -->
	</bean>


<!-- Hibernate Session Factory -->
	<bean id="mySessionFactory"
		class="org.springframework.orm.hibernate4.LocalSessionFactoryBean">
		<property name="dataSource" ref="pooledDataSource" />
		<property name="configLocation">
			<value>classpath:hibernate.cfg.xml</value>
		</property>
		<property name="packagesToScan">
			<array>
				<value>boss.data.entities</value>
			</array>
		</property>
		<property name="hibernateProperties">
			<props>
				<prop key="hibernate.dialect">org.hibernate.dialect.MySQL5Dialect</prop>
				<prop key="hibernate.show_sql">true</prop>
			</props>
		</property>
	</bean>

	<!-- Hibernate Transaction Manager -->
	<bean id="transactionManager"
		class="org.springframework.orm.hibernate4.HibernateTransactionManager">
		<property name="sessionFactory" ref="mySessionFactory" />
	</bean>


	<!-- Activates annotation based transaction management -->
	<tx:annotation-driven transaction-manager="transactionManager" proxy-target-class="true" />


	<!-- Add JPA support -->  
	<bean id="emf"
		class="org.springframework.orm.jpa.LocalContainerEntityManagerFactoryBean">
		<property name="persistenceXmlLocation" value="classpath:META-INF/persistence.xml" />
		<property name="persistenceUnitName" value="DS_MASTER" />
		<property name="dataSource" ref="pooledDataSource" />
		<property name="jpaVendorAdapter">
	
			<bean class="org.springframework.orm.jpa.vendor.HibernateJpaVendorAdapter">
				<property name="showSql" value="${datasource.oracle-development.showSql}" />
				<property name="generateDdl" value="false" />
				<property name="databasePlatform" value="org.hibernate.dialect.MySQL5Dialect" />
			</bean>
		</property>
		<property name="jpaProperties">
         <props>
            <!--  <prop key="hibernate.hbm2ddl.auto">create-drop</prop> -->
            <prop key="hibernate.dialect">org.hibernate.dialect.MySQL5Dialect</prop>
         </props>
      </property>
		<property name="loadTimeWeaver">
			<bean
				class="org.springframework.instrument.classloading.InstrumentationLoadTimeWeaver" />
		</property>
	</bean>

	<bean id="tx-manager" class="org.springframework.orm.jpa.JpaTransactionManager">
		<property name="entityManagerFactory" ref="emf" />
	</bean>

	<!-- Use @Transaction annotations for managing transactions -->
	     <tx:annotation-driven transaction-manager="tx-manager" /> 
	
</beans> 

